{
  "Component-dbg.js": 1676292842994,
  "utils/locate-reuse-libs.js": 1676292803506,
  "manifest.json": 1676453183474,
  "model/models.js": 1676292803506,
  "controller/wasteManagement.controller.js": 1676292803526,
  "Component.js": 1676292842994,
  "Component-preload.js": 1676453183765,
  "utils/locate-reuse-libs-dbg.js": 1676292803506,
  "model/models-dbg.js": 1676292803506,
  "controller/wasteManagement-dbg.controller.js": 1676292803526,
  "i18n/i18n.properties": 1676292803502,
  "view/wasteManagement.view.xml": 1676293731243,
  "css/style.css": 1676292803514,
  "index.html": 1676292803502
}