{
  "i18n/i18n.properties": 1676651000042,
  "controller/wasteManagement.controller.js": 1676459789668,
  "utils/locate-reuse-libs.js": 1676459789672,
  "model/models.js": 1676459789672,
  "manifest.json": 1676895306479,
  "Component.js": 1676651860441,
  "Component-preload.js": 1676895307054,
  "controller/wasteManagement-dbg.controller.js": 1676459789668,
  "model/models-dbg.js": 1676459789672,
  "utils/locate-reuse-libs-dbg.js": 1676459789672,
  "Component-dbg.js": 1676651860441,
  "view/wasteManagement.view.xml": 1676533881184,
  "fragment/comments.fragment.xml": 1676651059815,
  "css/style.css": 1676459789672,
  "index.html": 1676459789672
}