{
  "manifest.json": 1676459837865,
  "model/models.js": 1676459789672,
  "utils/locate-reuse-libs.js": 1676459789672,
  "i18n/i18n.properties": 1676459789672,
  "controller/wasteManagement.controller.js": 1676459789668,
  "Component.js": 1676459789668,
  "Component-preload.js": 1676459838251,
  "model/models-dbg.js": 1676459789672,
  "utils/locate-reuse-libs-dbg.js": 1676459789672,
  "controller/wasteManagement-dbg.controller.js": 1676459789668,
  "Component-dbg.js": 1676459789668,
  "view/wasteManagement.view.xml": 1676459789672,
  "css/style.css": 1676459789672,
  "index.html": 1676459789672
}